,6,17,28,38
0,"[0.54] <|endoftext|> Visual Studio Code or directly in the Azure docs.
In the backend, ","[1.09] <|endoftext|> Visual Studio Code or directly in the Azure docs.
In the backend, ","[0.37] <|endoftext|> Visual Studio Code or directly in the Azure docs.
In the backend, ","[1.36] <|endoftext|> Visual Studio Code or directly in the Azure docs.
In the backend, "
1,[0.39] <|endoftext|>NING: Florida State has the nation's No. 1 run defense while the ,[0.06] <|endoftext|> line test to visualize Cinema 4D’s Sweep Nurb and Sketch ,"[0.02] <|endoftext|>, MS Visual Studio 6. 0, MS Visual Studio. net, Web ","[0.03] <|endoftext|> will be able to use the standard ColdFire development tools, including the Code "
2,"[0.32] <|endoftext|> Israel has ignored its own asylum regulations, which say that ""information sheets regarding ","[0.05] <|endoftext|> language upon login.
Jitsi (formerly SIP Communicator) ","[0.02] <|endoftext|> Prezi, or any other visual component. But just power point could be ","[0.03] <|endoftext|> with your friends!
- iTunes - Subscribe to the podcast directly through the "
3,"[0.31] <|endoftext|>
Note: WV Code updated with legislation passed through the 2012 1st ","[0.05] <|endoftext|>with XAMPP, MAMP, Local or DesktopServer), please note ",[0.02] <|endoftext|> of a free update for SONAR 7 Producer Edition and SONAR ,"[0.03] <|endoftext|> c#, vb etc.NET managed code. Metro apps are guess "
4,[0.28] <|endoftext|> Inter-American Development Bank has loaned around $ 12.9 billion to ,"[0.05] <|endoftext|> BlueStacks 4
On the latest version of BlueStacks, you ",[0.01] <|endoftext|> a new Xcode Project for a single-view app and added all the ,"[0.03] <|endoftext|> IntelliJ, and SBT
Translate complex analysis problems into iter "
5,[0.27] <|endoftext|> Agresso Project Code to which the cost should be charged to 5. Your ,"[0.04] <|endoftext|> FileZilla or any other
+ Regular site backup, with the ability ",[0.01] <|endoftext|> process. Microsoft Visio is a widely used flowchart program. There is ,"[0.03] <|endoftext|> Enhancements to the Web Experience Factory Designer IDE and developer tools, for improved "
6,"[0.24] <|endoftext|>icated WordPress Developers
Codevian Technologies blends technical expertise and innovative technology to ",[0.03] <|endoftext|> the entire family of Autodesk Revit-based software for all its ,"[0.01] <|endoftext|> addition, the update addresses several issues reported by customers after SONAR 7 ","[0.02] <|endoftext|>ization on Red Hat OpenShift. According to the Fantom team, the "
7,"[0.22] <|endoftext|>, MySQL
- PHP/ Codeigniter/ Laravel/ WordPress/ ",[0.03] <|endoftext|>A (Artix-7 XC7A200T). Groest ,"[0.01] <|endoftext|> Click to download Finder, Yosemite, Sierra, Happy, Folder icons, Os ","[0.02] <|endoftext|>, MySQL
- PHP/ Codeigniter/ Laravel/ WordPress/ "
8,"[0.19] <|endoftext|> including the IDEAA Code of Conduct, Google I/O anti-har ","[0.03] <|endoftext|> on IMVU for the same reason: to find people, communicate, ",[0.01] <|endoftext|> page.Home Assistant has deep integration with the Apple Watch. You can display ,"[0.02] <|endoftext|> Vue JS, Express JS, Angular, React JS, Web Sockets "
9,"[0.17] <|endoftext|>, the city has said it would have to charge around $7,500 ","[0.03] <|endoftext|> Umbraco, Drupal, UI/UX
• SEO, Git, ",[0.01] <|endoftext|> migration to Xcode 6 and iOS 8. The plan was to add a ,"[0.02] <|endoftext|>,.NET Core is a cross-platform framework that is managed exclusively by "
10,"[0.17] <|endoftext|> bulking results7. I take codeine in the morning, which I ",[0.03] <|endoftext|> Neo4j 1.8.1 at your earliest convenience. See also ,[0.01] <|endoftext|> QuickBooks Online is likely the most widely known web-based accounting system for ,"[0.02] <|endoftext|> Product Ships To:
- US Lower 48
- Ships Via:
 "
11,[0.15] <|endoftext|> the following code to your site. Title of the work the kite runner ,[0.03] <|endoftext|> creating around the web is really a sort of support given by numerous on line ,"[0.01] <|endoftext|> access and edit the document using the Word desktop app or Word Online.
 ","[0.02] <|endoftext|> Developers at Codevian
Let us help you in building secure and robust "
12,[0.14] <|endoftext|> and Reporting (STAR) Program. The state has set 800 as the API ,"[0.03] <|endoftext|>, Autodesk Revit MEP and Autodesk Revit Structure, ",[0.01] <|endoftext|> Home Assistant information as complications directly on your watch face or launch actions from the ,"[0.02] <|endoftext|>, MS Visual Studio 6. 0, MS Visual Studio. net, Web "
13,"[0.13] <|endoftext|>- OpenGLTutorial1 and OpenGLTutorial2
- Beautiful Code, ","[0.03] <|endoftext|> on IMVU they create an identity of what they want to be, ","[0.01] <|endoftext|> (Tableau, Qlik, SSRS, Power BI)
- ","[0.02] <|endoftext|>
2. ASP.NET Core
.NET Core is an advanced and "
14,[0.13] <|endoftext|> the U.S. has limited its vaccine to adults. A Moderna ,"[0.03] <|endoftext|> (as in EC2, GoGrid, 3Tera) isn't ","[0.01] <|endoftext|>, AutoCAD, EcotectAnalysis, Navisworks, Rev ","[0.02] <|endoftext|>33 AM
GlobalSign recommends that developers follow best practices for the Code Sign "
15,[0.12] <|endoftext|>British Beer Company has at least half a dozen varieties of Fuller’s ,"[0.03] <|endoftext|>)
In VLC, Menu ""Media"" and ""Open Network Stream ","[0.01] <|endoftext|> will be able to use the standard ColdFire development tools, including the Code ","[0.02] <|endoftext|> Purchased: Salesforce Sales Cloud, Salesforce Marketing Cloud, FormT "
16,"[0.12] <|endoftext|>robust-code-diff-ing-in-mr
Andrew Meyer ",[0.03] <|endoftext|>�the avatars in IMVU provide a wall of protection that allows ,"[0.01] <|endoftext|> the NVIDIA Notebook Driver Program, this is a reference driver that can be ","[0.02] <|endoftext|>
The logs from Xcode “Devices” or Console. "
17,"[0.11] <|endoftext|>- Flexible licensing
- MVC Architecture
- Code Generation and App ","[0.02] <|endoftext|> involved. I love Endomondo, the sports app for Android, Black ","[0.01] <|endoftext|> NotePad++, TextPad and others. Not to include the the editors ",[0.02] <|endoftext|> announced new updates to its fintech solutions on Red Hat OpenShift – 
18,"[0.11] <|endoftext|> of Code, please attend this meeting!
Please add your topics to the ",[0.02] <|endoftext|> a new Xcode Project for a single-view app and added all the ,"[0.01] <|endoftext|> language upon login.
Jitsi (formerly SIP Communicator) ","[0.02] <|endoftext|> tools, such as CodePeer, can detect many errors and vulnerabilities early "
19,"[0.11] <|endoftext|> in The Great Code
Chapter Six. Metaphor II.p. ","[0.02] <|endoftext|> on BlueStacks 5, please refer to the release notes.
Thank ","[0.01] <|endoftext|> use images quickly
With Word, there’s no need to open ","[0.02] <|endoftext|> 21, 2013) - Google’s Offer Extensions rolling out within a "
20,"[0.11] <|endoftext|> display code used by all of said display signals, for selecting predetermined data from ","[0.02] <|endoftext|> The Vue, The Heldrich, the renovation of the Post Office and ",[0.01] <|endoftext|> Digital Designer software with AutoCAD to develop and test 3D models of ,"[0.02] <|endoftext|> 8, 2013) - AdWords Enhanced Mobile Campaigns: 5 Things P "
21,"[0.10] <|endoftext|> data, materials and analysis code are not publicly available, or for which there ",[0.02] <|endoftext|> each of the Strava age groups for the Fastest Cat 1- ,"[0.01] <|endoftext|> Specifically, these tools are Tableau, QlikTech, and Spotfire ","[0.02] <|endoftext|>robust-code-diff-ing-in-mr
Andrew Meyer "
22,"[0.10] <|endoftext|>com.
Job Code CTYL/13504
Personal data collected ","[0.02] <|endoftext|>ewiki, a service of the American Academy of Ophthalmology (AA ","[0.01] <|endoftext|>AP and JSon
• Knowledge of XCode.
• Knowledge of ",[0.02] <|endoftext|> Death Eater Augustus Rookwood the first time Lord Voldemort was powerful. He 
23,"[0.10] <|endoftext|> Master Plan and Development Code. The public is welcome to attend.
Join ","[0.02] <|endoftext|> Autodesk Navisworks, Autodesk 3ds Max Design, ","[0.01] <|endoftext|> your Microsoft account, and open Word Online, the web version of Word. ","[0.02] <|endoftext|> NotePad++, TextPad and others. Not to include the the editors "
24,"[0.09] <|endoftext|>.
Finally, Code4Health provides a home for the increasing number of ","[0.02] <|endoftext|>it, Showcase and 3ds Max are registered trademarks or trademarks of Aut ","[0.01] <|endoftext|>NET Core even offers different types of app support be it mobile, web, ","[0.02] <|endoftext|>NET Core even offers different types of app support be it mobile, web, "
25,[0.09] <|endoftext|> Eclipse OCL code is maintained in a GIT repository which is used by ,[0.02] <|endoftext|> on IMVU and talk with your sister. But what about making new ,"[0.01] <|endoftext|>.
MS.NET Framework 2.0 or later; MS Outlook 2000 ",[0.02] <|endoftext|>Sign up for Code Track in less than 30 sec. Or you can try 
26,"[0.09] <|endoftext|> use text- and source-code editor with virtual wide screen.
P ","[0.02] <|endoftext|> control schemes for playing games on BlueStacks 5.
- Mouse sensitivity ","[0.01] <|endoftext|> Lightroom support and is available for more Galaxy devices.
- How to ","[0.02] <|endoftext|> GitHub
GitHub is home to over 28 million developers working together. "
27,[0.09] <|endoftext|> in books written by Da Vinci Code author Dan Brown. A favorite: ,[0.02] <|endoftext|> outage of their EC2 (cloud servers) and RDS (cloud database ,"[0.01] <|endoftext|> involved. I love Endomondo, the sports app for Android, Black ",[0.02] <|endoftext|> and less susceptible to trojan and spyware attacks. With Firefox’ 
28,"[0.09] <|endoftext|>CH code. There are also special cases of BCH codes, such as ",[0.02] <|endoftext|> Effect and X-Plane Anthracite Effect. Fur-ther dec ,"[0.01] <|endoftext|>
Visual Studio database projects support database post-deployment scripts you can ","[0.02] <|endoftext|> of Windows Server 2016 to its Windows Insider Program testers, kicking off Windows 10 "
29,"[0.09] <|endoftext|> the U.S. has more crash deaths for every 100,000 people ","[0.02] <|endoftext|>, IMVU offers access to a rich world of digital experiences designed to ",[0.01] <|endoftext|>systemd/systemd-sysv-install enable nginx [email ,"[0.02] <|endoftext|>, BlackBerry® App World™ provides other mapping and navigation options.
Many "
30,"[0.08] <|endoftext|>33 AM
GlobalSign recommends that developers follow best practices for the Code Sign ","[0.02] <|endoftext|> (SPSS version 11.5, SPSS Inc, Chicago ",[0.01] <|endoftext|> brings the familiar HERE map into view with your photo positioned in the correct place ,[0.02] <|endoftext|>VC Framework. Must have good understandig of HTML / CSS / XML / 
31,"[0.08] <|endoftext|> of code from the Thusnelda branch.
Other Packages Related to ","[0.02] <|endoftext|>
Nukemap estimates 8million casualties over new york. This simulator ","[0.01] <|endoftext|>oaPods debacles with Xcode 6, I had to fork
 ",[0.02] <|endoftext|> migration to Xcode 6 and iOS 8. The plan was to add a 
32,"[0.08] <|endoftext|> the U.S. has an unfortunate outcome in education.”
 ",[0.02] <|endoftext|> Hyper-V virtualization in Windows Server. I'm sure Maritz was ,"[0.01] <|endoftext|>33 AM
GlobalSign recommends that developers follow best practices for the Code Sign ","[0.02] <|endoftext|> to customers with Office 365 Enterprise E1–E5, Business Essentials "
33,"[0.07] <|endoftext|>. For P/cash, AT&T Inc. has a value of ",[0.02] <|endoftext|> I created an account locally on pipedrive using my Gsuite O ,[0.01] <|endoftext|> games. Please report your issues: vscode solution explorer GitHub page. ,[0.02] <|endoftext|> of a free update for SONAR 7 Producer Edition and SONAR 
34,"[0.07] <|endoftext|> or aspects.
The benefits of a flowchart
Within the code of ","[0.02] <|endoftext|>.
QuickBooks Online can import data from most recent versions of the traditional ",[0.01] <|endoftext|> Download and Install Android 13 Beta 2.1 on Your PhoneCopyright and ownership ,"[0.02] <|endoftext|> the Order had since disbanded, Harry had been released from St. Mung "
35,[0.07] <|endoftext|> software code or related materials that Wingware provides to you as part of the ,[0.02] <|endoftext|> on IMVU offers a level of comfort that might not be there in ,[0.01] <|endoftext|>- Download latest Magisk Android Oreo | Android 8.1 (If ,"[0.02] <|endoftext|> Microsoft shop in ages.
REDDIT and the ALIEN Logo are "
36,"[0.07] <|endoftext|> of code to redundancy of the hardware is critical.
""2Park Technologies ","[0.02] <|endoftext|> Revit MEP and Revit Structure, we've applied BIM on more ","[0.01] <|endoftext|> In SQL Server Management Studio (or SQL Query Analyzer), you may select ","[0.02] <|endoftext|>) - Google Updates AdWords For Mobile Era
WebProNews (Feb "
37,"[0.07] <|endoftext|> and experiment with computer code to create new, purposeful software for various applications ","[0.02] <|endoftext|> World Race - Firm control for Virbac-Paprec 3
 ","[0.01] <|endoftext|> QuickBooks system, as well as via a two-step export-import ",[0.02] <|endoftext|> a new Xcode Project for a single-view app and added all the 
38,"[0.07] <|endoftext|>on Code: GAMING100
Pre-Black Friday Deals! at Office ","[0.02] <|endoftext|>odesk’s software has radically transformed modern architecture, science, and ","[0.01] <|endoftext|> IntelliJ, and SBT
Translate complex analysis problems into iter ",[0.02] <|endoftext|> was) and Barty Crouch Jr (masquerading as Alast 
39,[0.07] <|endoftext|> posting samples and code you can learn from and use. We'll post supplementary ,"[0.02] <|endoftext|> Prezi, or any other visual component. But just power point could be ","[0.01] <|endoftext|>it, Showcase and 3ds Max are registered trademarks or trademarks of Aut ","[0.02] <|endoftext|>- Flexible licensing
- MVC Architecture
- Code Generation and App "
40,"[0.07] <|endoftext|>.
The Monte Carlo code MCNPX is used here to model the ","[0.02] <|endoftext|> utilizing Sketchup in your Inside Design tasks.
When sophistication is the design ","[0.01] <|endoftext|>.
QuickBooks Online can import data from most recent versions of the traditional ","[0.01] <|endoftext|>oaPods debacles with Xcode 6, I had to fork
 "
41,[0.06] <|endoftext|> up to code in order to satisfy an increasingly-demanding regulator. Whilst ,"[0.02] <|endoftext|> those two items in your sketchup plugins folder and start SU..
the ","[0.01] <|endoftext|> Three Xcode releases and three iOS releases after the original problem surfaced.
 ",[0.01] <|endoftext|> in.NET and WPF environment. You can fully control the image acquisition 
42,"[0.06] <|endoftext|>.tex From Python Code
hallettj at gmail.com ","[0.02] <|endoftext|>, Vudu, and Funimation.
This article will explain why ","[0.01] <|endoftext|> -8, and that Mathematica, the computational engine of Wolfram ",[0.01] <|endoftext|> <p>Our Core Technology StackASP.NET MVC 3 ( 
43,[0.06] <|endoftext|>by code can usually be found in the upper right hand corner of the bag ,"[0.02] <|endoftext|>
ADOBE: This disastrous 22.214.171.1240 ","[0.01] <|endoftext|> Patch Management (Suse)
jdturner at nc. ",[0.01] <|endoftext|> games. Please report your issues: vscode solution explorer GitHub page. 
44,[0.06] <|endoftext|>e Code Greek with Crack is the best companion for plain text files. A ,"[0.02] <|endoftext|> using SPSS-PC+, supervises data coding and entry, performs ","[0.01] <|endoftext|>, as well as interactive form update capability.
SBuild is a Scala ","[0.01] <|endoftext|> Second Wizarding War.
Magical abilities and skills
- Quidd "
45,[0.06] <|endoftext|> code (or simply a BCH code) is a class of error detecting ,[0.02] <|endoftext|> Clips + iMovie for quick social media edits of some video content – ,"[0.01] <|endoftext|> will find EasyCAD V7 a productive, satisfying tool.
Easy ","[0.01] <|endoftext|> Android 8.1 Oreo, the parallel thing that happens is the development "
46,"[0.06] <|endoftext|> of code, assume the Address variable contains the address text mentioned above. If ","[0.02] <|endoftext|> ViPrint version: Lodge Beige Effect, X-Plane Creme ","[0.01] <|endoftext|>#, ASP.NET, and WPF.
What is new in ","[0.01] <|endoftext|> and stylish look and feel.
Serato DJ Software - A free- "
47,[0.06] <|endoftext|> by adding the following code to any page they contributed to:”a ,[0.02] <|endoftext|> - https://download.jitsi.org/jitsi- ,[0.01] <|endoftext|> QuickBooks® accounting software to manage all your business accounting needs. This course ,"[0.01] <|endoftext|> Blogs.
Source: Office 365
Announcing the Microsoft Planner "
48,[0.06] <|endoftext|> capability (typically 5 seconds). Reference source code for an AMD Opteron ,"[0.02] <|endoftext|> Google Picasa, PowerCinema, WildTangent Orb Game Console ",[0.01] <|endoftext|>AR 7 Producer Edition and SONAR 7 Studio Edition are available as free ,[0.01] <|endoftext|>Gap and PhoneGap Build. Learn how to create mobile apps using 
49,"[0.06] <|endoftext|> size
down. The code would be quite easy to cut down from a ","[0.02] <|endoftext|> with bugs and user interface problems with their Avira Premium Security Suite 9, ","[0.01] <|endoftext|> SQL Server Beta database to test changes before going live
SQL Server makes it ","[0.01] <|endoftext|> Storybook Apps for iPAD
The re-playable reading experiences leverage "
50,"[0.06] <|endoftext|>/Monthly code delivery
A Renowned Digital Platform to Hire Ded ","[0.02] <|endoftext|> Wisestamp, Hootsuite, and Grader. If you haven ",[0.01] <|endoftext|> are great options for creating forms: Contact Form 7 (available on the Plugin ,[0.01] <|endoftext|> iOS 13.4.5 beta. This further demonstrates the fact that every 
51,"[0.06] <|endoftext|> August 16, 2017; Bar code 042704 034301) due ",[0.02] <|endoftext|> Since the typical Grails test naming convention is <filename>Spec.gro ,"[0.01] <|endoftext|> and Xcode Bots, and you have a recipe for months of delays while ","[0.01] <|endoftext|>icated WordPress Developers
Codevian Technologies blends technical expertise and innovative technology to "
52,[0.06] <|endoftext|>UG Item Code (Source) NDC:16477-423 Route of ,[0.02] <|endoftext|> you have to start XAMPP or its components manually every time you reboot ,[0.01] <|endoftext|> ExportWe are excited to announce the launch of BlocksCAD for Education! ,[0.01] <|endoftext|>’s announcement of Glass Enterprise Edition 2 (EE2) didn� 
53,[0.05] <|endoftext|> Geek Code. Useless? Yep. Accurate? Nah. Oblig ,"[0.02] <|endoftext|> fill a texture in procreate?
Tap and drag your pen from the ","[0.01] <|endoftext|> – the 1Password secret key chief, the Identity Guard fraud insurance administration ( ","[0.01] <|endoftext|> New Xbox Experience patch, and Sony added 3D gaming support to the PS "
54,"[0.05] <|endoftext|> have the source code to something and can modify it to suit my needs, ","[0.02] <|endoftext|>RA using this
In JIRA mark the released version as ""released ",[0.01] <|endoftext|> the entire family of Autodesk Revit-based software for all its ,"[0.01] <|endoftext|> Use Cases
The Eclipse GIT repositories are accessed using SSH, so you "
55,[0.05] <|endoftext|>. Just one piece of code you put before your ending body tag and they ,"[0.02] <|endoftext|>athly.
Fraps incuse that revolt vastly? Korean Cyrill ","[0.01] <|endoftext|> added to ease editing entity properties.
EasyCAD now supports XREF ","[0.01] <|endoftext|> in learning more.
The Salesforce platform with Marketing Cloud and FormT "
56,[0.05] <|endoftext|>ml-samples.googlecode.com/svn/trunk ,"[0.02] <|endoftext|> Looker
- Zendesk Tickets – A customer support representative can ","[0.01] <|endoftext|> Vue JS, Express JS, Angular, React JS, Web Sockets ","[0.01] <|endoftext|> solutions provider last September; Codeplay, an Edinburgh-based software developer and "
57,"[0.05] <|endoftext|> the tracking code. Put it in your project and...
Choose from WordPress ","[0.02] <|endoftext|> was removed on a low-loader.
Road traffic police in Blackburn confirmed ",[0.01] <|endoftext|> SQL Server 2008 R2C# (.net 4)</p> <p ,"[0.01] <|endoftext|> AdSense For Dummies shows you how AdSense works, how to analyze "
58,[0.05] <|endoftext|>CD-10-CM Diagnosis Code T48.3X5S ,"[0.02] <|endoftext|>sd.edu.Jitsi Meet is a free, open-source ","[0.01] <|endoftext|> as an open source project on CodePlex.
Leggete tutto ","[0.01] <|endoftext|> Wing IDE Personal, Wing IDE Professional, Wing IDE Enterprise, Wing Debugger "
59,"[0.05] <|endoftext|> code breaker Alan Turing, will discuss his biography Decoded.
Other top ",[0.02] <|endoftext|> all Revit-based software on this project enabled the integration of building design ,[0.01] <|endoftext|>VC Framework. Must have good understandig of HTML / CSS / XML / ,"[0.01] <|endoftext|>, as well as interactive form update capability.
SBuild is a Scala "
60,"[0.05] <|endoftext|> as an open source project on CodePlex.
Leggete tutto ","[0.02] <|endoftext|> use Endomondo and export to Runkeeper.
Personally I like End ","[0.01] <|endoftext|> for Microsoft Visual Studio 2010.DCS 48"" Brushed Stainless Steel Range Back ","[0.01] <|endoftext|> AdMob co-founder Omar Hamoui, and Google Maps and Wave "
61,[0.05] <|endoftext|> if it is my app code or something I’m pulling in as ,"[0.02] <|endoftext|>ofilm that was formed after application of the product, which included inhibition ",[0.01] <|endoftext|>rb file in the /Applications/TextMate.app/Contents/ ,"[0.01] <|endoftext|> ASP.NET MVC 4 release, one of the interesting features added was "
62,"[0.05] <|endoftext|>¶
While CodeIgniter intelligently takes care of closing your database connections ","[0.02] <|endoftext|> single model that combined information from Revit Architecture, Revit Structure and Rev ","[0.01] <|endoftext|> tools, such as CodePeer, can detect many errors and vulnerabilities early ","[0.01] <|endoftext|> Salesforce, Patient Network takes advantage of Salesforce’s robust reporting "
63,[0.05] <|endoftext|> Quick Response code on a Russian website links through a series of redirections to ,"[0.02] <|endoftext|> hand, utilizing Stata's look for command is a good approach to mining ","[0.01] <|endoftext|> Revit MEP and Revit Structure, we've applied BIM on more ","[0.01] <|endoftext|>
Opera 9 Preview 2 released
Opera has been my favourite browser "
64,"[0.05] <|endoftext|> OS X Daily explained, DFU (Device Firmware Update) mode is ",[0.02] <|endoftext|> service Jitsi Meet on an Ubuntu 20.04 LTS server. ,"[0.01] <|endoftext|> (bundle Opera by franmart27)
Youtube To MP ","[0.01] <|endoftext|> for Microsoft Visual Studio 2010.DCS 48"" Brushed Stainless Steel Range Back "
65,"[0.05] <|endoftext|>2003?/Source Code), this tool is a port scanner that was made ","[0.02] <|endoftext|> Zoho, Sun and the numerous individual users who donated, for stepping up ",[0.01] <|endoftext|>IVE Tracker 3.0 / VIVE Tracker Full Body Tracking – 10+ ,"[0.01] <|endoftext|> better performance. HTML5 with angular JS, Iconic, jQuery and user "
66,[0.05] <|endoftext|>Come together to explore latest innovations in code and application development—and gain insights ,[0.02] <|endoftext|>. Then from the Import.io dashboard I added a few other genres to ,"[0.01] <|endoftext|>
The logs from Xcode “Devices” or Console. ","[0.01] <|endoftext|>¶
While CodeIgniter intelligently takes care of closing your database connections "
67,"[0.05] <|endoftext|>oupon Code: 35Laptops&Desktops
Get A ","[0.02] <|endoftext|> SEO of EC3 Brokers MEA, said,
“As ","[0.01] <|endoftext|>, Microsoft Word, Powerpoint, Wordfast
Simultaneous or consecutive ","[0.01] <|endoftext|> Google Play Music, iheartradio, Stitcher App & SoundCloud
 "
68,[0.05] <|endoftext|> a new Xcode Project for a single-view app and added all the ,"[0.02] <|endoftext|> take inputs from a variety of sources, including iostat from the servers ","[0.01] <|endoftext|> SQL Server, and PostgreSQL.
With the new custom Java module, ","[0.01] <|endoftext|> more quickly.
The intuitive development environment of the webMethods ESB has "
69,"[0.05] <|endoftext|> will be able to use the standard ColdFire development tools, including the Code ","[0.02] <|endoftext|> Using a free software called Bluestacks, you don't need to purchase ",[0.01] <|endoftext|> been added to the “Table View” in QS Recorder ,"[0.01] <|endoftext|>Camtasia Studio Crack
What’s New in Camtasia "
70,"[0.05] <|endoftext|> Token along with the EV Code Signing Certificate for a Trusted Signature
 ","[0.02] <|endoftext|> 3D, Revit, and more to communicate to stakeholders with complete context ",[0.01] <|endoftext|> love with SQL Server and database development and administration. Currently he manages 100+ ,"[0.01] <|endoftext|> Google+ and Google Drive, Twitter and Microsoft’s SkyDrive. "
71,[0.05] <|endoftext|> to their paper the Georgia Tech team wanted to create code that could be rearr ,"[0.02] <|endoftext|>k Revit Architecture model, in combination with an algorithmic formula based on ","[0.01] <|endoftext|> masterpiece using SQL Server in the cloud, your client’s will love ","[0.01] <|endoftext|> A secure, cloud-based storefront called Business AppPortal will offer a "
72,"[0.04] <|endoftext|> Developers at Codevian
Let us help you in building secure and robust ","[0.02] <|endoftext|>!
Six Ways Autodesk Reshaped The World
Andrew Tarant ","[0.01] <|endoftext|> basic tutorial.
Visual Basic (VB) - Coming Soon!
Ph ","[0.01] <|endoftext|> as an open source project on CodePlex.
Leggete tutto "
73,"[0.04] <|endoftext|> for this program appears in slightly simpler form in The Great Code, p. ",[0.02] <|endoftext|> process. Microsoft Visio is a widely used flowchart program. There is ,"[0.01] <|endoftext|>.
The SONAR 7.0.1 Update addresses various performance ","[0.01] <|endoftext|>, 2013) - Google rolls out AdWords management for multiple devices
International "
74,"[0.04] <|endoftext|> code and this generation is transparent for us.
Code generation tools (especially ","[0.02] <|endoftext|> Three Xcode releases and three iOS releases after the original problem surfaced.
 ","[0.01] <|endoftext|> anything like Node.js, CakePHP, or.NET Core could ",[0.01] <|endoftext|>Announcing Quikscribe Version 7 for Windows 7! (Q 
75,"[0.04] <|endoftext|>1 Oreo’s Source code, it has all the latest Android ",[0.01] <|endoftext|>The Strava KOM Hill and the MJ Classic Cat 1-3 ,[0.01] <|endoftext|> trial of Premiere Pro CS5.5. It has a couple of days ,[0.01] <|endoftext|> ES8168S Vortex-Nano Hydraclean shaver. 
76,[0.04] <|endoftext|> Code is (almost) on this year too … sounds like some more app ,[0.01] <|endoftext|> own engineering research. We used an EC2 master server and EC2 media ,"[0.01] <|endoftext|> features of the QuickBooks® accounting software. Topics include customizing templates, ",[0.01] <|endoftext|> ↑ Pottermore - PLACE YOUR BETS WITH LUDO BAG 
77,"[0.04] <|endoftext|> well.
I presented my Google Summer of Code project (ppt here ","[0.01] <|endoftext|>43i, 654i, and 654ix. The ix ","[0.01] <|endoftext|>Other music players, such as the Archos, typically copy the downloaded firmware ","[0.01] <|endoftext|> Apple Expo, Explain It, MacDev, MacDev-1, TH "
78,"[0.04] <|endoftext|> are compared, and the IDL code used to create the figure plots and ","[0.01] <|endoftext|>
The logs from Xcode “Devices” or Console. ","[0.01] <|endoftext|>
Opera 9 Preview 2 released
Opera has been my favourite browser ","[0.01] <|endoftext|> have built my entire system design empire using aspmaker, its a must "
79,"[0.04] <|endoftext|> using the following code: <~imagename~>
For example ","[0.01] <|endoftext|> impressive.
Camelbak Podium Chill Water Bottle
Appearances deceive ","[0.01] <|endoftext|> SharePoint, Dynamics CRM, Dynamics GP, or Exchange Server rather than ","[0.01] <|endoftext|> Wizarding War.
Behind the scenes
- The part of Ludo "
80,"[0.04] <|endoftext|> will give a short talk about my Google Summer of Code project, and have ","[0.01] <|endoftext|> in MS Word and Editable PDF.
Sample Will Form Example
Download ","[0.01] <|endoftext|>.
- Exchange intelligent model data between Civil 3D and InfraWorks ",[0.01] <|endoftext|> ad code: SnagajobIPL Skin Rejuvenation in Williams 
81,"[0.04] <|endoftext|>R code generator and mobile booster.
Redirect your QRs with a ",[0.01] <|endoftext|> clicking on avast! The results are expressed in terms of percentage slow- ,"[0.01] <|endoftext|> Google Picasa, PowerCinema, WildTangent Orb Game Console ",[0.01] <|endoftext|> the JDeveloper wizards to generate and deploy a Web Service based on a Java 
82,"[0.04] <|endoftext|>Microsoft has alleged, many times, that Linux violated MS patents, without ever ",[0.01] <|endoftext|> them. Level Four students continue using the Garageband application on the iPads further ,[0.01] <|endoftext|> Scanner screen. Windows 10 Pro - Start10 - part of a local ,[0.01] <|endoftext|> integrates Microsoft Exchange and Lotus Notes with Salesforce.com. Match My Email 
83,"[0.04] <|endoftext|>-Shaped Glass Corner Computer Desk
Code""MADNESS"" + ","[0.01] <|endoftext|>kscape, Scribus, shotwell, etc)
- Programming ( ",[0.01] <|endoftext|> commands. SQL Server can authenticate users and logins using its own user ,"[0.01] <|endoftext|> iOS 12 or later, and an Apple Watch Series 1 or newer. The "
84,"[0.04] <|endoftext|> new dynamic frameworks, BitCode, the iPhone 6 and 6 Plus with new ",[0.01] <|endoftext|> to receive an Autodesk BIM Experience Award. The firm is being ,"[0.01] <|endoftext|>
· Manage and edit your photos with Epson Creativity Suite. ",[0.01] <|endoftext|>ouncing the Microsoft Planner mobile app for iPhone and Android appeared first on Office 
85,"[0.04] <|endoftext|> such as Data
Layout, Lazy Load, and Page Navigation
- ",[0.01] <|endoftext|> migration to Xcode 6 and iOS 8. The plan was to add a ,"[0.01] <|endoftext|>with XAMPP, MAMP, Local or DesktopServer), please note ","[0.01] <|endoftext|> but a project that has more wider scope.
- LibreOffice Office Application "
86,[0.04] <|endoftext|> time would be as follows. The BCH code has a characteristic H matrix ,[0.01] <|endoftext|> The BlueStacks emulator had a lot of bugs in both Windows OS and ,[0.01] <|endoftext|> AutoCAD 123 Make where it is stitched together into a 3D ,[0.01] <|endoftext|> our security practices.Grammarly's SOC 2 (Type 2) 
87,"[0.04] <|endoftext|>
of code refactoring. Software engineering offers a wide
literature ","[0.01] <|endoftext|>, then Sun.
Zoho offered its data center and and an additional ",[0.01] <|endoftext|> we recommend our QuickBooks® Basic course as a prerequisite. Adequate ,"[0.01] <|endoftext|> Software
Improving Team Collaboration
Fleetio Go is free for "
88,"[0.04] <|endoftext|> Software
All the Internet is proudly ""Made in the USA""Style Code ",[0.01] <|endoftext|>Through integration with QEMU (both ARM and x86 host virtualisation ,"[0.01] <|endoftext|> with Microsoft Word, Excel, PowerPoint, and Outlook
Experience with automated marketing ",[0.01] <|endoftext|> Google AdSense For Dummies will get you started. It’s 
89,[0.04] <|endoftext|> help guide you through the process of acquiring building code compliance certificates for a variety ,[0.01] <|endoftext|> games. Please report your issues: vscode solution explorer GitHub page. ,[0.01] <|endoftext|>The ComPilot I and ComPilot II Air are multi-purpose ,"[0.01] <|endoftext|> AdSense.
- Register and set up an AdSense program
- "
90,"[0.04] <|endoftext|>, our Code of Ethics or our policies?
CEMEX has developed ","[0.01] <|endoftext|> chat boxes and backgrounds, for example. The OBS Project website has a ","[0.01] <|endoftext|> process such as AutoCAD, Autodesk Ecotect Analysis, ",[0.01] <|endoftext|>.2 release which is available as KDE or GNOME live CD versions. A 
91,"[0.04] <|endoftext|> form representation for your domain model).
InfoQ: Code generation has had ",[0.01] <|endoftext|> new SSIS packages overcoming all usual problems that a typical solution brings: increasing ,"[0.01] <|endoftext|> school.
BlocksCAD is a great tool to build geometrical ","[0.01] <|endoftext|> to modern browsers.
Google Chrome, Firefox, or MicrosoftEdge,
 "
92,[0.04] <|endoftext|> start date of plant taxonomy adopted by the International Code of Botanical N ,[0.01] <|endoftext|> Game controls menu on BlueStacks 5. You can manage your controls conveniently ,"[0.01] <|endoftext|>
Lineage OS 15.1 Features | Android 8.1 Oreo ","[0.01] <|endoftext|> JMapMyLDAP. You now have an ""enterprise ready"" "
93,"[0.04] <|endoftext|>oupon Code: F6MB8CGCBX
Get a ","[0.01] <|endoftext|>, etc)
- Graphics (GIMP, Blender, In ","[0.01] <|endoftext|>, QuickBooks Online lacks basic e-commerce capabilities such as tie-ins ","[0.01] <|endoftext|> Microsoft Planner mobile app: Android | iOS
- Feedback: Planner "
94,"[0.04] <|endoftext|> individuals free software to protect their PCs.
Code-named Morro, ","[0.01] <|endoftext|> Jitsi Meet with the following command:
sudo apt-get update ","[0.01] <|endoftext|> a different application. VirtualBox, for example, can export one of its ","[0.01] <|endoftext|> in mind.
Neville: Sir, sir!
Sir Toph "
95,"[0.04] <|endoftext|> to build the code, so later in the Summer of 2015 I decided to ",[0.01] <|endoftext|>xquick and StartPage combined the two services to form a single search engine ,"[0.01] <|endoftext|> Developers at Codevian
Let us help you in building secure and robust ",[0.01] <|endoftext|> watchOS 5. It has all the same core fitness and also sporting activities 
96,[0.04] <|endoftext|> output code word. Timing from the timing block 421 controls the parallel loading ,"[0.01] <|endoftext|> from Minix, in an attempt to make companies afraid to use Linux, ",[0.01] <|endoftext|> the QuickBooks Online blog and an online user support community. Support is U ,[0.01] <|endoftext|> Neo4j 1.8.1 at your earliest convenience. See also 
97,[0.04] <|endoftext|> code switching and code mixing cannot be completely represented in the subtitles. Close analysis ,[0.01] <|endoftext|> Koolhaas’ Junkspace already in the end of the ,[0.01] <|endoftext|> system anywhere and anytime. QuickBooks Online is available in three versions and is ,[0.01] <|endoftext|> was a Death Eater. Rookwood had been a friend of Ludo 
98,[0.04] <|endoftext|> Code where the Measures for Rational Exploitation of Forest Resources was stipulated ,"[0.01] <|endoftext|>, you download it from the Gravity Forms website and then manually install it on ","[0.01] <|endoftext|> Umbraco, Drupal, UI/UX
• SEO, Git, ","[0.01] <|endoftext|> articles
NetNotes: Budget in links
Bank of England
Social Market "
99,"[0.04] <|endoftext|>rivial Change
The normal evolution of the project code involves a non- ","[0.01] <|endoftext|> or SBT's with a bargepole, as they cannot get k ","[0.01] <|endoftext|> to connect to a smartphone #objectmagic
Vinci 2.0 ","[0.01] <|endoftext|> Apple Music social network — is also gone.
The New Home App W "
